Player,Search Link
João Cancelo,https://www.google.com/search?q=João+Cancelo+salary
Jeff Hendrick,https://www.google.com/search?q=Jeff+Hendrick+salary
Jorginho,https://www.google.com/search?q=Jorginho+salary
Bruno Miguel Borges Fernandes,https://www.google.com/search?q=Bruno+Miguel+Borges+Fernandes+salary
Rodri,https://www.google.com/search?q=Rodri+salary
Mathias Jattah-Njie Jørgensen,https://www.google.com/search?q=Mathias+Jattah-Njie+Jørgensen+salary
Andrew Omobamidele,https://www.google.com/search?q=Andrew+Omobamidele+salary
Sadio Mané,https://www.google.com/search?q=Sadio+Mané+salary
Cristiano Ronaldo,https://www.google.com/search?q=Cristiano+Ronaldo+salary
Virgil van Dijk,https://www.google.com/search?q=Virgil+van+Dijk+salary
Philip Foden,https://www.google.com/search?q=Philip+Foden+salary
Jarrod Bowen,https://www.google.com/search?q=Jarrod+Bowen+salary
Gabriel dos Santos Magalhães,https://www.google.com/search?q=Gabriel+dos+Santos+Magalhães+salary
Antonio Rüdiger,https://www.google.com/search?q=Antonio+Rüdiger+salary
Frederico Rodrigues Santos,https://www.google.com/search?q=Frederico+Rodrigues+Santos+salary
İlkay Gündoğan,https://www.google.com/search?q=İlkay+Gündoğan+salary
Fabinho,https://www.google.com/search?q=Fabinho+salary
Ademola Lookman,https://www.google.com/search?q=Ademola+Lookman+salary
Pierre-Emile Højbjerg,https://www.google.com/search?q=Pierre-Emile+Højbjerg+salary
Takumi Minamino,https://www.google.com/search?q=Takumi+Minamino+salary
Raphael Dias Belloli,https://www.google.com/search?q=Raphael+Dias+Belloli+salary
Emmanuel Bonaventure Dennis,https://www.google.com/search?q=Emmanuel+Bonaventure+Dennis+salary
Rúben Diogo Da Silva Neves,https://www.google.com/search?q=Rúben+Diogo+Da+Silva+Neves+salary
Harvey Lewis Barnes,https://www.google.com/search?q=Harvey+Lewis+Barnes+salary
Teemu Pukki,https://www.google.com/search?q=Teemu+Pukki+salary
Marcos Alonso,https://www.google.com/search?q=Marcos+Alonso+salary
Pablo Fornals Malla,https://www.google.com/search?q=Pablo+Fornals+Malla+salary
Hee-Chan Hwang,https://www.google.com/search?q=Hee-Chan+Hwang+salary
Mohamed Saïd Benrahma,https://www.google.com/search?q=Mohamed+Saïd+Benrahma+salary
Rúben Santos Gato Alves Dias,https://www.google.com/search?q=Rúben+Santos+Gato+Alves+Dias+salary
Tomáš Souček,https://www.google.com/search?q=Tomáš+Souček+salary
Mark Noble,https://www.google.com/search?q=Mark+Noble+salary
Romelu Lukaku,https://www.google.com/search?q=Romelu+Lukaku+salary
João Moutinho,https://www.google.com/search?q=João+Moutinho+salary
Diego Llorente,https://www.google.com/search?q=Diego+Llorente+salary
Bruno Guimarães Rodriguez Moura,https://www.google.com/search?q=Bruno+Guimarães+Rodriguez+Moura+salary
Gnaly Maxwell Cornet,https://www.google.com/search?q=Gnaly+Maxwell+Cornet+salary
Rodrigo,https://www.google.com/search?q=Rodrigo+salary
N'Golo Kanté,https://www.google.com/search?q=N'Golo+Kanté+salary
Dan Gosling,https://www.google.com/search?q=Dan+Gosling+salary
Sergio Reguilón Rodríguez,https://www.google.com/search?q=Sergio+Reguilón+Rodríguez+salary
Divock Origi,https://www.google.com/search?q=Divock+Origi+salary
Pascal Groß,https://www.google.com/search?q=Pascal+Groß+salary
Ismaïla Sarr,https://www.google.com/search?q=Ismaïla+Sarr+salary
Mohamed Salisu Abdul Karim,https://www.google.com/search?q=Mohamed+Salisu+Abdul+Karim+salary
Romain Saïss,https://www.google.com/search?q=Romain+Saïss+salary
Nathan Aké,https://www.google.com/search?q=Nathan+Aké+salary
Kortney Hause,https://www.google.com/search?q=Kortney+Hause+salary
Raúl Alonso Jiménez Rodríguez,https://www.google.com/search?q=Raúl+Alonso+Jiménez+Rodríguez+salary
Marc Albrighton,https://www.google.com/search?q=Marc+Albrighton+salary
Joël Veltman,https://www.google.com/search?q=Joël+Veltman+salary
Oriol Romeu,https://www.google.com/search?q=Oriol+Romeu+salary
Fabian Schär,https://www.google.com/search?q=Fabian+Schär+salary
Gabriel Teodoro Martinelli Silva,https://www.google.com/search?q=Gabriel+Teodoro+Martinelli+Silva+salary
Thiago Alcantara,https://www.google.com/search?q=Thiago+Alcantara+salary
Daniel William John Ings,https://www.google.com/search?q=Daniel+William+John+Ings+salary
Marc Cucurella Saseta,https://www.google.com/search?q=Marc+Cucurella+Saseta+salary
Cristian Gabriel Romero,https://www.google.com/search?q=Cristian+Gabriel+Romero+salary
Odsonne Édouard,https://www.google.com/search?q=Odsonne+Édouard+salary
Kurt Happy Zouma,https://www.google.com/search?q=Kurt+Happy+Zouma+salary
Naby Deco Keïta,https://www.google.com/search?q=Naby+Deco+Keïta+salary
Eberechi Eze,https://www.google.com/search?q=Eberechi+Eze+salary
Cesar Azpilicueta,https://www.google.com/search?q=Cesar+Azpilicueta+salary
Ezri Konsa Ngoyo,https://www.google.com/search?q=Ezri+Konsa+Ngoyo+salary
Jonny,https://www.google.com/search?q=Jonny+salary
Sergi Canós Tenes,https://www.google.com/search?q=Sergi+Canós+Tenes+salary
Alexandre Lacazette,https://www.google.com/search?q=Alexandre+Lacazette+salary
Caglar Söyüncü,https://www.google.com/search?q=Caglar+Söyüncü+salary
Isaac Hayden,https://www.google.com/search?q=Isaac+Hayden+salary
Mateo Kovačić,https://www.google.com/search?q=Mateo+Kovačić+salary
Moussa Sissoko,https://www.google.com/search?q=Moussa+Sissoko+salary
Joshua King,https://www.google.com/search?q=Joshua+King+salary
Mateusz Klich,https://www.google.com/search?q=Mateusz+Klich+salary
Juan Camilo Hernández Suárez,https://www.google.com/search?q=Juan+Camilo+Hernández+Suárez+salary
Davinson Sánchez Mina,https://www.google.com/search?q=Davinson+Sánchez+Mina+salary
Daniel Castelo Podence,https://www.google.com/search?q=Daniel+Castelo+Podence+salary
Grant Hanley,https://www.google.com/search?q=Grant+Hanley+salary
Josh Brownhill,https://www.google.com/search?q=Josh+Brownhill+salary
Javier Manquillo Gaitán,https://www.google.com/search?q=Javier+Manquillo+Gaitán+salary
Matt Doherty,https://www.google.com/search?q=Matt+Doherty+salary
Aaron Lennon,https://www.google.com/search?q=Aaron+Lennon+salary
Timo Werner,https://www.google.com/search?q=Timo+Werner+salary
Hassane Kamara,https://www.google.com/search?q=Hassane+Kamara+salary
João Pedro Junqueira de Jesus,https://www.google.com/search?q=João+Pedro+Junqueira+de+Jesus+salary
Jack Cork,https://www.google.com/search?q=Jack+Cork+salary
Ayoze Perez,https://www.google.com/search?q=Ayoze+Perez+salary
Emerson Aparecido Leite de Souza Junior,https://www.google.com/search?q=Emerson+Aparecido+Leite+de+Souza+Junior+salary
Arthur Masuaku,https://www.google.com/search?q=Arthur+Masuaku+salary
Joshua Sargent,https://www.google.com/search?q=Joshua+Sargent+salary
Nathan Michael Collins,https://www.google.com/search?q=Nathan+Michael+Collins+salary
Enock Mwepu,https://www.google.com/search?q=Enock+Mwepu+salary
Fernando Luiz Rosa,https://www.google.com/search?q=Fernando+Luiz+Rosa+salary
Séamus Coleman,https://www.google.com/search?q=Séamus+Coleman+salary
Connor Roberts,https://www.google.com/search?q=Connor+Roberts+salary
Nélson Semedo,https://www.google.com/search?q=Nélson+Semedo+salary
Mads Roerslev Rasmussen,https://www.google.com/search?q=Mads+Roerslev+Rasmussen+salary
Jarrad Branthwaite,https://www.google.com/search?q=Jarrad+Branthwaite+salary
Raphaël Varane,https://www.google.com/search?q=Raphaël+Varane+salary
Milot Rashica,https://www.google.com/search?q=Milot+Rashica+salary
Steven Bergwijn,https://www.google.com/search?q=Steven+Bergwijn+salary
Lucas Rodrigues Moura da Silva,https://www.google.com/search?q=Lucas+Rodrigues+Moura+da+Silva+salary
Juraj Kucka,https://www.google.com/search?q=Juraj+Kucka+salary
Pierre Lees Melou,https://www.google.com/search?q=Pierre+Lees+Melou+salary
Kenny Mclean,https://www.google.com/search?q=Kenny+Mclean+salary
Paul Pogba,https://www.google.com/search?q=Paul+Pogba+salary
Joseph Willock,https://www.google.com/search?q=Joseph+Willock+salary
Nikola Vlašić,https://www.google.com/search?q=Nikola+Vlašić+salary
Rayan Aït Nouri,https://www.google.com/search?q=Rayan+Aït+Nouri+salary
Ferrán Torres García,https://www.google.com/search?q=Ferrán+Torres+García+salary
Benjamin Johnson,https://www.google.com/search?q=Benjamin+Johnson+salary
